Year,Month,"Facility Reference 
Number",Licence Holder,Site Common Name,Fish Health Zone,Number of Counts Performed,Average L. salmonis motiles per fish,Average L. salmonis females per fish,Average chalimus per fish,Average caligus per fish,Comments,Year Class,,
2016,January,1537,Cermaq,Bare Bluff,2,2,0.5,0.0,0.0,0.1,,1,,
2016,January,227,Cermaq,Bawden Point,2,3,2.1,0.7,0.7,0.4,Management action planned,1,,
2016,January,520,Cermaq,Bedwell,2,1,0.2,0.1,0.0,0.0,,2,,
2016,January,1148,Cermaq,Binns,2,1,0.4,0.0,0.0,0.2,,1,,
2016,January,234,Cermaq,Dixon,2,2,0.3,0.2,0.0,0.0,,2,,
2016,January,540,Cermaq,Fortune,2,0,,,,,Fallow,,,
2016,January,1507,Cermaq,Millar ,2,2,1.0,0.5,0.1,0.0,,2,,
2016,January,543,Cermaq,Mussel Rock,2,1,0.6,0.3,0.0,0.0,,2,,
2016,January,6668,Cermaq,Plover,2,2,2.4,1.8,2.6,0.1,Management action planned,1,,
2016,January,526,Cermaq,Rant Pt,2,1,0.7,0.5,0.0,0.0,,2,,
2016,January,314,Cermaq,Ross Pass,2,2,0.8,0.5,0.0,0.0,,2,,
2016,January,1472,Cermaq,Westside,2,0,,,,,Counts of recent entry precluded by fish health management action,1,,
2016,January,1738,Greig, Atrevida ,2,1,1.4,0.9,0.0,0.0,,2,,
2016,January,1789,Greig, Concepcion ,2,1,0.9,0.6,0.1,0.0,,2,,
2016,January,1863,Greig,Esperanza,2,1,0.0,0.0,0.0,0.0,,1,,
2016,January,1079,Greig,Steamer,2,1,0.1,0.0,0.0,0.0,,1,,
2016,January,1705,Greig,Williamson,2,1,0.9,0.5,0.0,0.1,,2,,
2016,January,144,Marine Harvest,Koskimo,2,2,1.9,0.8,1.3,0.1,,2,,
2016,January,1237,Marine Harvest,Monday Rocks,2,2,1.2,0.6,0.6,0.1,,2,,
2016,January,1698,Greig, Ahlstrom ,3,1,0.1,0.1,1.4,0.1,,2,,
2016,January,1697,Greig, Culloden ,3,1,0.7,0.1,0.0,0.0,,1,,
2016,January,332,Greig, Salten ,3,2,1.1,0.7,0.0,0.0,2nd count includes only one pen,2,,
2016,January,746,Greig, Site 13,3,1,1.2,0.9,0.0,0.0,Count of 3rd pen precluded by diminished stock,2,,
2016,January,412,Greig,Site 9,3,1,0.4,0.2,0.0,0.0,,1,,
2016,January,221,Greig,Vantage,3,1,1.4,1.0,0.0,0.0,Count from only one pen due to harvesting activities,2,,
2016,January,303,Marine Harvest,Glacial Creek,3,2,5.6,4.1,0.1,0.1,Brood fish in spawning year; Management action planned,Brood,,
2016,January,1401,Cermaq,Brent ,3,2,1.2,0.3,1.0,1.7,Management action planned,1,,
2016,January,304,Cermaq,Raza,3,2,1.4,0.2,0.9,0.7,Count from full complement of 3 pens for 1st event precluded by antibiotic treatment,1,,
2016,January,306,Cermaq,Venture,3,2,1.8,0.6,1.5,3.1,Management action planned,1,,
2016,January,871,Greig,Barnes,3,1,0.0,0.0,0.0,0.0,,1,,
2016,January,1300,Marine Harvest,Althorpe,3,1,1.4,0.9,0.0,0.1,Harvest Pending,2,,
2016,January,1581,Marine Harvest,Hardwicke,3,3,0.4,0.3,0.0,0.2,Harvest Pending,2,,
2016,January,211,Marine Harvest,Okisollo,3,1,0.1,0.1,0.8,0.3,,1,,
2016,January,380,Marine Harvest,Sonora Point,3,1,0.2,0.0,0.0,0.0,,2,,
2016,January,1825,Greig,Noo-la,3,0,,,,,Fallow,,,
2016,January,1144,Cermaq,Burdwood,3,0,,,,,Counts precluded by diminished stocks (<4 pens),2,,
2016,January,819,Cermaq,Cecil ,3,3,0.2,0.0,1.5,0.2,"Counts for broodstock are to represent the different populations on site. In this case, each count event is from a single pen. ",Brood,,
2016,January,728,Cermaq,Sir Edmund Bay,3,2,0.5,0.1,0.7,0.4,,1,,
2016,January,821,Marine Harvest,Glacier Falls,3,1,1.6,0.7,5.1,0.7,Management action planned,1,,
2016,January,1618,Marine Harvest,Humphrey Rock,3,1,2.6,1.2,2.1,0.0,Management action planned,2,,
2016,January,467,Marine Harvest,Midsummer,3,1,3.3,1.6,3.7,1.5,Management action planned,1,,
2016,January,141,Marine Harvest,Port Elizabeth,3,2,0.9,0.1,1.1,0.2,Management action planned,1,,
2016,January,1145,Marine Harvest,Potts Bay,3,2,6.8,2.5,28.6,4.5,Management action underway,Brood,,
2016,January,1059,Marine Harvest,Sargeaunt Pass,3,2,1.1,0.4,1.3,1.1,Management action planned,2,,
2016,January,465,Marine Harvest,Swanson,,0,,,,,Counts precluded by diminished stocks (<4 pens),2,,
2016,January,739,Marine Harvest,Upper Retreat,3,2,0.3,0.1,0.1,0.1,,1,,
2016,January,820,Marine Harvest,Wicklow,3,0,,,,,Counts precluded by diminished stocks (<4 pens),2,,
2016,January,892,Marine Harvest,Bell,3,0,,,,,Recent smolt entry,1,,
2016,January,7053,Marine Harvest,Bull Harbour,3,1,1.0,0.3,0.4,0.1,,1,,
2016,January,1288,Marine Harvest,Doyle,3,0,,,,,Counts precluded by harvesting,2,,
2016,January,1293,Marine Harvest,Duncan,3,0,,,,,Counts precluded by diminished stocks (<4 pens),2,,
2016,January,1351,Marine Harvest,Marsh Bay,3,2,0.1,0.0,0.2,0.1,,1,,
2016,January,1350,Marine Harvest,Shelter Bay,3,1,0.8,0.3,0.0,0.2,Management action planned,1,,
2016,January,831,Marine Harvest,Shelter Pass,3,0,,,,,Recent smolt entry,0,,
2016,January,1702,Marine Harvest,Goat Cove,4,2,0.7,0.4,0.0,0.0,Management action planned,1,,
2016,January,1691,Marine Harvest,Kid Bay,4,2,2.2,1.1,0.0,0.0,Management action planned,2,,
2016,January,1580,Marine Harvest,Jackson Pass,4,0,,,,,Recent smolt entry,1,,
2016,January,884,Marine Harvest,Lochalsh,4,5,0.2,0.1,2.4,2.0,,1,,
2016,February,1537,Cermaq,Bare Bluff,2,2,1.7,0.5,0.2,0.1,,1,,
2016,February,227,Cermaq,Bawden Point,2,2,1.3,0.7,0.1,0.2,Management action underway; Count of 2nd & 3rd pen for each event precluded by management activities,1,,
2016,February,520,Cermaq,Bedwell,2,2,0.1,0.1,0.0,0.0,,2,,
2016,February,1148,Cermaq,Binns,2,2,0.6,0.1,0.1,0.2,,1,,
2016,February,234,Cermaq,Dixon,2,2,0.4,0.2,0.2,0.1,,2,,
2016,February,540,Cermaq,Fortune,,0,,,,,Recent seawater entry,1,,
2016,February,1507,Cermaq,Millar ,2,2,0.9,0.3,0.0,0.2,,2,,
2016,February,543,Cermaq,Mussel Rock,2,3,0.3,0.2,0.0,0.0,3rd sampling event includes only one pen,2,,
2016,February,6668,Cermaq,Plover,2,2,3.6,3.1,4.7,0.1,Management action underway; Count of second and third pen in second sampling event precluded by management activities,1,,
2016,February,526,Cermaq,Rant Point,,0,,,,,Fallow,,,
2016,February,314,Cermaq,Ross Pass,2,2,1.1,0.4,0.1,0.1,Management action underway,2,,
2016,February,1472,Cermaq,West Side,2,2,0.7,0.4,0.0,0.0,,1,,
2016,February,1738,Greig, Atrevida ,2,1,2.0,1.3,0.0,0.1,,2,,
2016,February,1789,Greig, Concepcion ,2,1,1.5,0.8,0.0,0.0,,2,,
2016,February,1863,Greig,Esperanza,2,1,0.0,0.0,0.0,0.0,,1,,
2016,February,746,Greig,Site 13,,0,,,,,Counts precluded by harvesting,2,,
2016,February,1079,Greig,Steamer,2,1,0.0,0.0,0.0,0.0,,1,,
2016,February,1705,Greig,Williamson,2,1,1.6,1.0,0.0,0.0,,2,,
2016,February,144,Marine Harvest,Koskimo,2,2,3.2,1.2,1.6,0.5,Harvest pending,2,,
2016,February,1237,Marine Harvest,Monday Rocks,2,4,4.4,1.5,0.9,0.2,Harvest pending,2,,
2016,February,1698,Greig, Ahlstrom ,3,1,0.7,0.3,0.1,0.0,,2,,
2016,February,1697,Greig, Culloden ,3,1,0.2,0.0,0.1,0.0,,1,,
2016,February,332,Greig, Salten ,3,1,0.9,0.7,0.0,0.1,,2,,
2016,February,412,Greig,Site 9,3,2,0.3,0.1,0.0,0.0,2nd sampling event includes counts from only one pen,1,,
2016,February,221,Greig,Vantage,,0,,,,,Counts precluded by diminished stocks (<4 pens),2,,
2016,February,303,Marine Harvest,Glacial Creek,3,1,4.9,4.1,0.0,0.0,Management action underway; Count of third pen precluded by management activities,Brood,,
2016,February,1401,Cermaq,Brent ,3,3,2.3,0.7,0.9,1.5,Management action planned; 2nd and 3rd sampling events include counts from only 2 pens,1,,
2016,February,304,Cermaq,Raza,3,2,0.5,0.1,0.3,3.1,,1,,
2016,February,306,Cermaq,Venture,3,2,1.8,0.9,1.2,2.3,Management action planned,2,,
2016,February,871,Greig,Barnes,3,1,0.4,0.1,0.1,0.0,,1,,
2016,February,1300,Marine Harvest,Althorpe,3,1,1.4,0.9,0.0,0.0,,2,,
2016,February,1581,Marine Harvest,Hardwicke,,0,,,,,Counts precluded by harvesting,2,,
2016,February,211,Marine Harvest,Okisollo,3,2,0.3,0.1,2.0,0.4,,1,,
2016,February,380,Marine Harvest,Sonora Point,3,2,0.2,0.1,0.0,0.0,,2,,
2016,February,1144,Cermaq,Burdwood,,0,,,,,Counts precluded by diminished stocks (<4 pens),2,,
2016,February,819,Cermaq,Cecil ,3,1,1.2,0.5,0.9,3.0,,Brood,,
2016,February,728,Cermaq,Sir Edmund Bay,,0,,,,,Counts precluded by fish health management action,1,,
2016,February,821,Marine Harvest,Glacier Falls,3,2,1.5,0.7,2.3,0.3,Management action underway,1,,
2016,February,1618,Marine Harvest,Humphrey Rock,3,2,3.1,1.5,2.2,0.2,Management action underway,2,,
2016,February,467,Marine Harvest,Midsummer,3,2,4.0,1.7,24.0,22.7,Management action underway,1,,
2016,February,141,Marine Harvest,Port Elizabeth,3,1,0.9,0.3,0.6,0.0,Management action underway,1,,
2016,February,1145,Marine Harvest,Potts Bay,3,1,1.4,0.7,0.5,0.2,Management action underway,Brood,,
2016,February,1059,Marine Harvest,Sargeaunt Pass,3,2,1.8,0.7,0.7,0.2,Management action underway,2,,
2016,February,465,Marine Harvest,Swanson,,0,,,,,Fallow,2,,
2016,February,739,Marine Harvest,Upper Retreat,3,2,0.8,0.3,0.2,0.5,,1,,
2016,February,820,Marine Harvest,Wicklow,,0,,,,,Counts precluded by diminished stocks (<4 pens),2,,
2016,February,892,Marine Harvest,Bell Island,3,1,0.3,0.0,0.5,0.1,,1,,
2016,February,7053,Marine Harvest,Bull Harbour,3,2,1.7,0.6,0.6,0.9,Management action planned; 1st sampling event includes counts from only one pen,1,,
2016,February,1288,Marine Harvest,Doyle,,0,,,,,Counts precluded by diminished stocks (<4 pens),2,,
2016,February,1293,Marine Harvest,Duncan,,0,,,,,Fallow,2,,
2016,February,1351,Marine Harvest,Marsh Bay,3,3,0.5,0.1,0.9,0.2,,1,,
2016,February,1350,Marine Harvest,Shelter Bay,3,2,2.0,0.8,0.2,0.4,,1,,
2016,February,831,Marine Harvest,Shelter Pass,3,1,0.0,0.0,0.0,0.0,,1,,
2016,February,1702,Marine Harvest,Goat Cove,4,6,0.3,0.2,0.1,0.0,Management action underway,1,,
2016,February,1580,Marine Harvest,Jackson Pass,4,2,0.0,0.0,0.7,0.3,,1,,
2016,February,1691,Marine Harvest,Kid Bay,4,3,2.0,1.1,0.1,0.0,Management action underway; 3rd sampling event includes counts from only two pens.,2,,
2016,February,884,Marine Harvest,Lochalsh,4,4,0.2,0.0,3.5,2.1,,1,,
2016,March,1537,Cermaq,Bare Bluff,2,2,2.5,0.9,0.2,0.0,Management action underway,1,,
2016,March,227,Cermaq,Bawden Point,2,2,2.0,1.0,0.0,0.0,,1,,
2016,March,520,Cermaq,Bedwell,2,2,0.2,0.1,0.0,0.0,,2,,
2016,March,1148,Cermaq,Binns,2,1,0.3,0.0,0.2,0.2,2nd count precluded by management action,1,,
2016,March,234,Cermaq,Dixon,2,1,0.3,0.2,0.1,0.0,2nd count precluded by diminished stock (<4 pens),2,,
2016,March,540,Cermaq,Fortune,2,0,,,,,Counts precluded by health management action,1,,
2016,March,1507,Cermaq,Millar ,2,2,1.7,0.8,0.1,0.3,,2,,
2016,March,543,Cermaq,Mussel Rock,2,2,0.1,0.1,0.0,0.0,,2,,
2016,March,6668,Cermaq,Plover,2,2,2.6,1.4,0.1,0.2,,1,,
2016,March,314,Cermaq,Ross Pass,2,2,0.8,0.4,0.0,0.0,,2,,
2016,March,527,Cermaq,Saranac,2,0,,,,,Recent transfer (<4 pens) and health management  action,1,,
2016,March,1472,Cermaq,West Side,2,2,0.9,0.8,0.0,0.0,,1,,
2016,March,1738,Greig, Atrevida ,2,2,2.4,1.4,0.0,0.0,,2,,
2016,March,1789,Greig, Concepcion ,2,2,2.5,1.6,0.0,0.0,Harvest Pending,2,,
2016,March,1863,Greig,Esperanza,2,2,0.0,0.0,0.0,0.0,,1,,
2016,March,1079,Greig,Steamer,2,2,0.2,0.0,0.0,0.0,,1,,
2016,March,1705,Greig,Williamson,2,2,1.5,0.9,0.0,0.0,,1,,
2016,March,144,Marine Harvest,Koskimo,2,2,7.4,3.0,11.5,2.7,Harvesting,2,,
2016,March,1237,Marine Harvest,Monday Rocks,2,4,9.5,3.7,5.6,0.5,Harvesting,2,,
2016,March,1698,Greig, Ahlstrom ,3,2,0.5,0.1,0.1,0.0,,2,,
2016,March,1697,Greig, Culloden ,3,2,0.9,0.2,0.0,0.0,,2,,
2016,March,332,Greig,Salten,3,0,,,,,Counts precluded by harvesting,2,,
2016,March,412,Greig,Site 9,3,2,0.6,0.1,0.0,0.0,,1,,
2016,March,746,Greig,Site 13,3,0,,,,,Counts precluded by harvesting,2,,
2016,March,221,Greig,Vantage,3,0,,,,,Fallow,,,
2016,March,303,Marine Harvest,Glacial Creek,3,1,0.3,0.2,0.0,0.0,,Brood,,
2016,March,1401,Cermaq,Brent ,3,2,2.2,1.2,1.8,1.0,Management action underway,1,,
2016,March,304,Cermaq,Raza,3,2,0.5,0.2,1.1,4.7,,1,,
2016,March,306,Cermaq,Venture,3,2,2.4,1.4,0.3,1.8,Management action underway,1,,
2016,March,871,Greig,Barnes,3,2,0.5,0.2,1.8,1.5,,1,,
2016,March,1300,Marine Harvest,Althorpe,3,0,,,,,Counts precluded by harvesting,2,,
2016,March,1581,Marine Harvest,Hardwicke,3,1,0.0,0.0,0.9,0.1,2nd count precluded by diminished stock (<4 pens),2,,
2016,March,211,Marine Harvest,Okisollo,3,2,1.2,0.3,1.8,1.1,,1,,
2016,March,380,Marine Harvest,Sonora Point,3,2,0.1,0.0,0.2,0.2,,2,,
2016,March,1144,Cermaq,Burdwood,3,0,,,,,Counts precluded by fish health management action,1,,
2016,March,819,Cermaq,Cecil ,3,1,1.0,0.4,1.8,1.8,2nd count preculded by transfer and fish health management action,Brood,,
2016,March,728,Cermaq,Sir Ed,3,2,0.7,0.3,0.4,1.2,Count from full complement of 3 pens in first count precluded by fish health management action,1,,
2016,March,1586,Marine Harvest,Doctor Islets,3,0,,,,,Recent transfer (<4 pens),1,,
2016,March,821,Marine Harvest,Glacier Falls,3,2,0.5,0.3,0.1,0.1,,1,,
2016,March,1618,Marine Harvest,Humphrey Rock,3,1,0.6,0.2,0.1,0.1,1st count precluded by management action,2,,
2016,March,467,Marine Harvest,Midsummer,3,2,1.4,0.5,0.3,0.1,,1,,
2016,March,141,Marine Harvest,Port Elizabeth,3,2,0.6,0.2,0.2,0.2,,1,,
2016,March,1145,Marine Harvest,Potts Bay,3,2,0.3,0.2,0.0,0.0,,Brood,,
2016,March,1059,Marine Harvest,Sargeaunt Pass,3,2,1.4,0.5,0.4,0.1,,2,,
2016,March,465,Marine Harvest,Swanson,3,0,,,,,Recent transfer,1,,
2016,March,739,Marine Harvest,Upper Retreat,3,2,0.7,0.2,0.5,0.1,,1,,
2016,March,820,Marine Harvest,Wicklow,3,0,,,,,Fallow,,,
2016,March,892,Marine Harvest,Bell Island,3,2,0.6,0.2,0.3,0.3,,1,,
2016,March,7053,Marine Harvest,Bull Harbour,3,5,2.3,1.1,0.3,0.5,Management action underway,1,,
2016,March,1288,Marine Harvest,Doyle Island,3,0,,,,,Counts precluded by harvesting,2,,
2016,March,1351,Marine Harvest,Marsh Bay,3,5,2.3,0.7,1.3,0.3,Management action planned,1,,
2016,March,1350,Marine Harvest,Shelter Bay,3,1,0.5,0.2,0.0,0.0,2nd count precluded by management action,1,,
2016,March,831,Marine Harvest,Shelter Pass,3,1,0.0,0.0,0.0,0.0,2nd count preculded by transfer and fish health management action,1,,
2016,March,1702,Marine Harvest,Goat Cove,4,3,0.1,0.0,0.3,0.0,,1,,
2016,March,1580,Marine Harvest,Jackson Pass,4,2,0.3,0.2,1.4,0.5,,1,,
2016,March,1691,Marine Harvest,Kid Bay,4,6,0.5,0.3,0.1,0.0,Management action underway,2,,
2016,March,884,Marine Harvest,Lochalsh,4,4,0.4,0.2,4.4,3.0,,1,,
2016,April,1537,Cermaq,Bare Bluff,2,2,0.8,0.3,0.0,0.0,0,1,,
2016,April,227,Cermaq,Bawden Point,2,2,0.5,0.2,0.0,0.0,0,1,,
2016,April,520,Cermaq,Bedwell,2,2,0.1,0.1,0.0,0.0,0,2,,
2016,April,1148,Cermaq,Binns,2,2,0.2,0.0,0.0,0.0,0,1,,
2016,April,234,Cermaq,Dixon Bay,2,0,0.0,0.0,0.0,0.0,Fallow,0,,
2016,April,540,Cermaq,Fortune,2,1,1.2,0.3,0.3,0.0,1st count precluded by recent transfer,1,,
2016,April,1507,Cermaq,Millar ,2,2,3.3,1.9,0.1,0.0,Management action underway,2,,
2016,April,543,Cermaq,Mussel Rock,2,3,0.1,0.1,0.0,0.0,0,2,,
2016,April,6668,Cermaq,Plover,2,2,0.5,0.3,0.1,0.0,0,2,,
2016,April,314,Cermaq,Ross Pass,2,1,0.6,0.4,0.0,0.0,0,2,,
2016,April,527,Cermaq,Saranac,2,0,0.0,0.0,0.0,0.0,Recent transfer,1,,
2016,April,1472,Cermaq,West Side,2,2,1.3,1.2,0.1,0.2,Management action planned,1,,
2016,April,1738,Greig, Atrevida ,2,1,3.5,2.2,0.0,0.0,2nd sample precluded by environmental conditions,2,,
2016,April,1789,Greig, Concepcion ,2,1,3.7,3.0,0.0,0.0,2nd sample precluded by environmental conditions,2,,
2016,April,1863,Greig,Esperanza,2,2,0.0,0.0,0.0,0.0,0,1,,
2016,April,1079,Greig,Steamer,2,2,0.1,0.1,0.0,0.0,0,1,,
2016,April,1705,Greig,Williamson,2,2,1.7,1.1,0.0,0.0,0,2,,
2016,April,144,Marine Harvest,Koskimo Bay,2,0,0.0,0.0,0.0,0.0,Harvested  in accordance with their submitted sea lice management plan. Target date met.,2,,
2016,April,1237,Marine Harvest,Monday Rocks,2,4,13.9,6.6,6.3,1.6,Harvested  in accordance with their submitted sea lice management plan.  Target date extended due to weather; longer harvest interval mitigated by lengthened fallow period,2,,
2016,April,1698,Greig, Ahlstrom ,3,2,1.0,0.4,0.1,0.0,0,2,,
2016,April,1697,Greig, Culloden ,3,2,0.5,0.3,0.1,0.3,0,2,,
2016,April,332,Greig,Salten,3,0,0.0,0.0,0.0,0.0,Counts precluded by harvesting,2,,
2016,April,412,Greig,Site 9,3,2,0.4,0.2,0.0,0.0,0,1,,
2016,April,746,Greig,Site 13,3,0,0.0,0.0,0.0,0.0,Fallow,0,,
2016,April,303,Marine Harvest,Glacial Creek,3,1,0.0,0.0,0.0,0.0,0,brood,,
2016,April,1401,Cermaq,Brent ,3,3,1.4,0.6,0.2,0.4,0,2,,
2016,April,304,Cermaq,Raza,3,4,0.3,0.1,1.2,4.5,0,1,,
2016,April,306,Cermaq,Venture,3,4,1.4,0.7,0.0,0.4,0,2,,
2016,April,871,Greig,Barnes,3,2,1.6,0.7,2.7,1.3,0,2,,
2016,April,1300,Marine Harvest,Althorpe,3,0,0.0,0.0,0.0,0.0,Fallow,0,,
2016,April,1581,Marine Harvest,Hardwicke,3,0,0.0,0.0,0.0,0.0,Counts precluded by diminished stocks (<4 pens),2,,
2016,April,211,Marine Harvest,Okisollo,3,2,4.0,1.4,4.7,1.6,Management action underway,2,,
2016,April,380,Marine Harvest,Sonora Point,3,2,0.5,0.2,0.4,0.1,0,2,,
2016,April,1144,Cermaq,Burdwood,3,1,1.0,0.0,4.6,2.4,1st count precluded by recent transfer,1,,
2016,April,819,Cermaq,Cecil,3,0,0.0,0.0,0.0,0.0,Counts precluded by diminished stocks (<4 pens),brood,,
2016,April,458,Cermaq,Cypress,3,0,0.0,0.0,0.0,0.0,Recent transfer,brood,,
2016,April,869,Cermaq,Maude,3,0,0.0,0.0,0.0,0.0,Recent transfer,1,,
2016,April,728,Cermaq,Sir Ed,3,3,0.5,0.2,0.1,0.9,0,1,,
2016,April,1825,Greig,Noo-la,3,0,0.0,0.0,0.0,0.0,Recent transfer,1,,
2016,April,1586,Marine Harvest,Doctor Islets,3,1,2.4,0.4,7.6,0.6,1st count precluded by recent transfer; Management action planned,1,,
2016,April,821,Marine Harvest,Glacier Falls,3,2,0.0,0.0,0.1,0.1,0,2,,
2016,April,1618,Marine Harvest,Humphrey Rock,3,3,0.5,0.3,0.1,0.0,0,2,,
2016,April,467,Marine Harvest,Midsummer,3,3,0.3,0.1,0.2,0.2,0,2,,
2016,April,141,Marine Harvest,Port Elizabeth,3,2,0.0,0.0,0.0,0.0,0,1,,
2016,April,1145,Marine Harvest,Potts Bay,3,3,0.1,0.0,0.7,0.0,0,brood,,
2016,April,1059,Marine Harvest,Sargeaunt Pass,3,3,0.1,0.1,0.0,0.0,0,2,,
2016,April,465,Marine Harvest,Swanson,3,1,0.6,0.1,0.9,0.0,1st count precluded by recent transfer,1,,
2016,April,739,Marine Harvest,Upper Retreat,3,3,0.7,0.2,0.6,0.3,0,1,,
2016,April,820,Marine Harvest,Wicklow,3,0,0.0,0.0,0.0,0.0,Recent transfer,1,,
2016,April,892,Marine Harvest,Bell Island,3,2,0.8,0.2,1.1,0.3,0,1,,
2016,April,7053,Marine Harvest,Bull Harbour,3,2,0.4,0.2,0.6,0.2,0,2,,
2016,April,1288,Marine Harvest,Doyle,3,0,0.0,0.0,0.0,0.0,Fallow,0,,
2016,April,1351,Marine Harvest,Marsh Bay,3,3,5.8,2.3,2.2,0.5,Management action underway,2,,
2016,April,1350,Marine Harvest,Shelter Bay,3,2,0.0,0.0,0.0,0.0,0,2,,
2016,April,831,Marine Harvest,Shelter Pass,3,2,0.1,0.0,0.3,0.0,0,1,,
2016,April,1702,Marine Harvest,Goat Cove,4,3,1.3,0.4,3.7,0.4,Management action planned,2,,
2016,April,1580,Marine Harvest,Jackson Pass,4,3,0.5,0.3,2.4,1.3,0,1,,
2016,April,1691,Marine Harvest,Kid Bay,4,4,0.4,0.1,1.1,0.3,Harvesting,2,,
2016,April,884,Marine Harvest,Lochalsh,4,4,0.5,0.2,1.8,1.5,0,1,,
2016,May,1537,Cermaq,Bare Bluff,2,2,0.2,0.1,0.0,0.0,0,1,,
2016,May,227,Cermaq,Bawden Point,2,2,0.7,0.5,0.0,0.0,0,1,,
2016,May,520,Cermaq,Bedwell,2,2,0.3,0.1,0.0,0.0,0,2,,
2016,May,1148,Cermaq,Binns,2,1,0.1,0.0,0.0,0.0,2nd count precluded by environmental conditions,1,,
2016,May,540,Cermaq,Fortune Channel,2,0,0.0,0.0,0.0,0.0,Counts precluded by health management activities,1,,
2016,May,1507,Cermaq,Millar ,2,1,2.7,1.5,0.0,0.1,Management action underway; 2nd count precluded by lice management activities,2,,
2016,May,543,Cermaq,Mussel Rock,2,2,0.5,0.3,0.0,0.0,0,2,,
2016,May,6668,Cermaq,Plover,2,2,0.5,0.3,0.1,0.0,Survey methodology may vary from sampling design outlined in licence conditions. Additional sampling may have been conducted or pens excluded. Please contact DFO for details. ,2,,
2016,May,314,Cermaq,Ross Pass,2,2,0.4,0.2,0.0,0.0,0,2,,
2016,May,527,Cermaq,Saranac,2,0,0.0,0.0,0.0,0.0,Counts precluded by health management activities,1,,
2016,May,1472,Cermaq,West Side,2,1,5.3,4.2,0.1,0.0,Management action underway; 2nd count precluded by lice management activitiesSurvey methodology may vary from sampling design outlined in licence conditions. Additional sampling may have been conducted or pens excluded. Please contact DFO for details. ,1,,
2016,May,1738,Greig, Atrevida ,2,1,4.2,2.3,0.2,0.0,Harvesting,2,,
2016,May,1789,Greig,Concepcion,2,0,0.0,0.0,0.0,0.0,Counts precluded by diminished stocks (<4 pens),2,,
2016,May,1863,Greig,Esperanza,2,2,0.0,0.0,0.0,0.0,Survey methodology may vary from sampling design outlined in licence conditions. Additional sampling may have been conducted or pens excluded. Please contact DFO for details. ,1,,
2016,May,1079,Greig,Steamer,2,2,0.3,0.1,0.0,0.0,0,1,,
2016,May,1705,Greig,Williamson,2,2,1.0,0.6,0.0,0.0,0,2,,
2016,May,144,Marine Harvest,Koskimo,2,0,0.0,0.0,0.0,0.0,Counts precluded by harvesting,2,,
2016,May,1237,Marine Harvest,Monday Rocks,2,0,0.0,0.0,0.0,0.0,Counts precluded by harvesting,2,,
2016,May,1698,Greig, Ahlstrom ,3,2,2.0,1.0,0.2,0.4,0,2,,
2016,May,1697,Greig, Culloden ,3,2,1.6,0.7,0.3,0.3,0,2,,
2016,May,332,Greig,Salten,3,0,0.0,0.0,0.0,0.0,Counts precluded by diminished stocks (<4 pens),2,,
2016,May,412,Greig,Site 9,3,2,1.2,0.7,0.0,0.0,0,1,,
2016,May,303,Marine Harvest,Glacial Creek,3,1,0.0,0.0,0.0,0.0,0,Brood,,
2016,May,1401,Cermaq,Brent ,3,2,0.5,0.3,0.1,0.1,0,2,,
2016,May,304,Cermaq,Raza,3,3,0.3,0.1,0.3,0.7,0,1,,
2016,May,306,Cermaq,Venture,3,2,0.9,0.5,0.0,0.0,0,2,,
2016,May,871,Greig,Barnes,3,2,1.1,0.6,1.1,0.4,0,2,,
2016,May,790,Marine Harvest,Chancellor ,3,3,0.7,0.2,1.1,0.1,Survey methodology may vary from sampling design outlined in licence conditions. Additional sampling may have been conducted or pens excluded. Please contact DFO for details. ,1,,
2016,May,1581,Marine Harvest,Hardwicke,3,0,0.0,0.0,0.0,0.0,Fallow,0,,
2016,May,100,Marine Harvest,Lees Bay,3,2,0.1,0.0,0.3,0.1,Management action underway,1,,
2016,May,211,Marine Harvest,Okisollo,3,2,2.3,1.1,1.9,0.4,0,2,,
2016,May,78,Marine Harvest,Phillips Arm,3,0,0.0,0.0,0.0,0.0,Recent transfer,1,,
2016,May,380,Marine Harvest,Sonora Point,3,2,0.7,0.3,0.5,0.0,0,2,,
2016,May,1144,Cermaq,Burdwood,3,1,0.5,0.1,2.2,3.8,2nd count precluded by health management activities,1,,
2016,May,458,Cermaq,Cypress Harbour,3,2,0.1,0.1,0.1,0.0,0,Brood,,
2016,May,869,Cermaq,Maude,3,0,0.0,0.0,0.0,0.0,Counts precluded by health management activities,1,,
2016,May,728,Cermaq,Sir Ed,3,1,0.2,0.1,0.2,0.0,2nd count not performed. Follow up actions taken to enforce adherence to licence conditions.,1,,
2016,May,1825,Greig,Noo-la,3,2,0.2,0.1,0.0,0.0,Survey methodology may vary from sampling design outlined in licence conditions. Additional sampling may have been conducted or pens excluded. Please contact DFO for details. ,1,,
2016,May,1586,Marine Harvest,Doctor Islets,3,1,0.9,0.4,4.5,1.2,Management action underway; 2nd count precluded by lice management activities,1,,
2016,May,821,Marine Harvest,Glacier Falls,3,2,0.1,0.1,1.8,0.0,0,2,,
2016,May,1618,Marine Harvest,Humphrey Rock,3,2,0.3,0.2,0.0,0.0,Survey methodology may vary from sampling design outlined in licence conditions. Additional sampling may have been conducted or pens excluded. Please contact DFO for details. ,2,,
2016,May,467,Marine Harvest,Midsummer,3,2,0.3,0.1,2.2,0.3,0,2,,
2016,May,141,Marine Harvest,Port Elizabeth,3,2,0.0,0.0,0.1,0.0,0,1,,
2016,May,1145,Marine Harvest,Potts Bay,3,2,0.1,0.1,2.1,0.1,0,Brood,,
2016,May,1059,Marine Harvest,Sargeaunt Pass,3,0,0.0,0.0,0.0,0.0,Counts precluded by harvesting,2,,
2016,May,465,Marine Harvest,Swanson,3,1,0.2,0.0,0.7,0.2,2nd count precluded by health management activities,1,,
2016,May,739,Marine Harvest,Upper Retreat,3,1,0.8,0.1,0.7,0.3,2nd count precluded by transfer. Survey methodology may vary from sampling design outlined in licence conditions. Additional sampling may have been conducted or pens excluded. Please contact DFO for details. ,1,,
2016,May,820,Marine Harvest,Wicklow,3,2,0.1,0.0,1.5,0.6,0,1,,
2016,May,892,Marine Harvest,Bell Island,3,2,1.5,0.4,1.4,0.6,0,1,,
2016,May,7053,Marine Harvest,Bull Harbour,3,3,1.8,0.8,2.2,1.3,Survey methodology may vary from sampling design outlined in licence conditions. Additional sampling may have been conducted or pens excluded. Please contact DFO for details. ,2,,
2016,May,1351,Marine Harvest,Marsh Bay,3,4,2.9,1.4,1.8,0.1,0,2,,
2016,May,1350,Marine Harvest,Shelter Bay,3,2,0.1,0.1,0.1,0.0,0,2,,
2016,May,831,Marine Harvest,Shelter Pass,3,3,0.3,0.1,0.7,0.1,Survey methodology may vary from sampling design outlined in licence conditions. Additional sampling may have been conducted or pens excluded. Please contact DFO for details. ,1,,
2016,May,1702,Marine Harvest,Goat Cove,4,4,2.5,1.4,1.7,0.6,Management action underway. Survey methodology may vary from sampling design outlined in licence conditions. Additional sampling may have been conducted or pens excluded. Please contact DFO for details. ,2,,
2016,May,1580,Marine Harvest,Jackson Pass,4,2,0.5,0.2,1.2,1.6,0,1,,
2016,May,1691,Marine Harvest,Kid Bay,4,2,0.3,0.2,0.4,0.4,0,2,,
2016,May,884,Marine Harvest,Lochalsh,4,0,0.0,0.0,0.0,0.0,Fallow,0,,
2016,May,1895,Marine Harvest,Sheep Passage,4,2,0.0,0.0,0.1,0.0,Survey methodology may vary from sampling design outlined in licence conditions. Additional sampling may have been conducted or pens excluded. Please contact DFO for details. ,1,,
2016,June,1537,Cermaq,Bare Bluff,2,2,0.3,0.1,0.1,0.0,,0,,
2016,June,227,Cermaq,Bawden Point,2,2,0.4,0.3,0.1,0.1,,0,,
2016,June,520,Cermaq,Bedwell,2,1,0.4,0.3,0.0,0.0,"2nd count precluded by diminished stock (<4 pens)
",0,,
2016,June,1148,Cermaq,Binns,2,1,0.1,0.0,0.2,0.3,,0,,
2016,June,540,Cermaq,Fortune,2,2,1.0,0.3,0.0,0.0,Survey methodology may vary from sampling design outlined in licence conditions. Additional sampling may have been conducted or pens excluded. Please contact DFO for details. ,0,,
2016,June,1507,Cermaq,Millar ,2,2,1.1,0.3,0.1,0.2,Harvesting; Survey methodology may vary from sampling design outlined in licence conditions. Additional sampling may have been conducted or pens excluded. Please contact DFO for details. ,0,,
2016,June,543,Cermaq,Mussel Rock,2,2,0.6,0.4,0.0,0.0,,0,,
2016,June,6668,Cermaq,Plover,2,2,0.8,0.5,0.0,0.1,,0,,
2016,June,314,Cermaq,Ross Pass,2,0,,,,,Counts precluded by diminished stock (<4 pens),0,,
2016,June,527,Cermaq,Saranac,2,2,3.4,1.0,0.8,2.2,Count from full complement of pens in 2nd event precluded by health management action; Lice management action planned,0,,
2016,June,1472,Cermaq,West Side,2,2,1.0,0.4,0.0,0.1,,0,,
2016,June,1738,Greig,Atrevida,2,0,,,,,,0,,
2016,June,1789,Greig,Concepcion,2,0,,,,,,0,,
2016,June,1863,Greig,Esperanza,2,2,0.5,0.1,0.0,0.1,,0,,
2016,June,1079,Greig,Steamer,2,2,0.5,0.2,0.0,0.1,Survey methodology may vary from sampling design outlined in licence conditions. Additional sampling may have been conducted or pens excluded. Please contact DFO for details. ,0,,
2016,June,1705,Greig,Williamson,2,2,1.3,0.9,0.0,0.0,,0,,
2016,June,144,Marine Harvest,Koskimo,2,0,,,,,Fallow,0,,
2016,June,1237,Marine Harvest,Monday Rock,2,0,,,,,Fallow,0,,
2016,June,1698,Greig, Ahlstrom ,3,1,4.8,1.8,0.3,0.0,Management action underway; 2nd count precluded by environmental conditions,0,,
2016,June,1697,Greig, Culloden ,3,1,1.7,0.9,0.0,0.0,2nd count precluded by environmental conditions,0,,
2016,June,412,Greig,Site 9,3,1,0.8,0.3,0.0,0.0,2nd count precluded by environmental conditions,0,,
2016,June,303,Marine Harvest,Glacial Creek,3,0,,,,,Brood fish in spawning year,0,,
2016,June,1401,Cermaq,Brent ,3,2,0.3,0.2,0.0,0.0,,0,,
2016,June,304,Cermaq,Raza,3,2,0.1,0.0,0.0,0.1,,0,,
2016,June,306,Cermaq,Venture,3,2,0.6,0.4,0.0,0.1,,0,,
2016,June,871,Greig,Barnes,3,2,0.1,0.0,0.1,0.0,,0,,
2016,June,790,Marine Harvest,Chancellor ,3,3,2.1,0.9,2.0,0.1,Survey methodology may vary from sampling design outlined in licence conditions. Additional sampling may have been conducted or pens excluded. Please contact DFO for details. ,0,,
2016,June,100,Marine Harvest,Lees Bay,3,3,0.7,0.2,1.7,0.7,Survey methodology may vary from sampling design outlined in licence conditions. Additional sampling may have been conducted or pens excluded. Please contact DFO for details. ,0,,
2016,June,211,Marine Harvest,Okisollo,3,3,0.3,0.2,0.0,0.0,Survey methodology may vary from sampling design outlined in licence conditions. Additional sampling may have been conducted or pens excluded. Please contact DFO for details. ,0,,
2016,June,78,Marine Harvest,Phillips Arm,3,2,0.5,0.1,0.1,0.2,,0,,
2016,June,380,Marine Harvest,Sonora Point,3,2,2.0,0.9,1.2,0.0,,0,,
2016,June,1144,Cermaq,Burdwood,3,2,0.5,0.1,1.5,1.6,,0,,
2016,June,458,Cermaq,Cypress Harbour,3,2,0.2,0.1,0.1,0.0,Survey methodology may vary from sampling design outlined in licence conditions. Additional sampling may have been conducted or pens excluded. Please contact DFO for details. ,0,,
2016,June,869,Cermaq,Maude,3,2,0.0,0.0,0.0,0.0,,0,,
2016,June,728,Cermaq,Sir Ed,3,2,0.0,0.0,0.0,0.0,,0,,
2016,June,1825,Greig,Noo-la,3,2,0.2,0.1,0.0,0.0,,0,,
2016,June,1586,Marine Harvest,Doctor Islets,3,2,0.3,0.1,0.2,0.1,,0,,
2016,June,821,Marine Harvest,Glacier Falls,3,3,0.3,0.1,5.5,1.4,Survey methodology may vary from sampling design outlined in licence conditions. Additional sampling may have been conducted or pens excluded. Please contact DFO for details. ,0,,
2016,June,1618,Marine Harvest,Humphrey Rock,3,3,0.1,0.1,0.0,0.0,Survey methodology may vary from sampling design outlined in licence conditions. Additional sampling may have been conducted or pens excluded. Please contact DFO for details. ,0,,
2016,June,467,Marine Harvest,Midsummer,3,2,0.2,0.0,0.7,0.1,,0,,
2016,June,141,Marine Harvest,Port Elizabeth,3,2,0.2,0.1,0.0,0.1,,0,,
2016,June,1145,Marine Harvest,Potts Bay,3,2,0.1,0.1,2.1,0.3,,0,,
2016,June,1059,Marine Harvest,Sargeaunt Pass,3,3,0.2,0.1,0.0,0.0,Survey methodology may vary from sampling design outlined in licence conditions. Additional sampling may have been conducted or pens excluded. Please contact DFO for details. ,0,,
2016,June,465,Marine Harvest,Swanson,3,2,0.3,0.1,0.4,0.2,,0,,
2016,June,820,Marine Harvest,Wicklow,3,2,0.2,0.0,1.0,1.1,,0,,
2016,June,892,Marine Harvest,Bell Island,3,2,0.8,0.3,0.5,0.4,,0,,
2016,June,7053,Marine Harvest,Bull Harbour,3,2,4.5,2.0,5.1,3.9,Management action planned,0,,
2016,June,1293,Marine Harvest,Duncan,3,0,,,,,Recent transfer,0,,
2016,June,1351,Marine Harvest,Marsh Bay,3,2,0.7,0.3,0.1,0.0,,0,,
2016,June,1350,Marine Harvest,Shelter Bay,3,2,0.2,0.0,0.7,0.1,,0,,
2016,June,831,Marine Harvest,Shelter Pass,3,2,0.6,0.2,1.2,0.4,,0,,
2016,June,1702,Marine Harvest,Goat Cove,4,4,1.8,1.1,0.1,0.0,Survey methodology may vary from sampling design outlined in licence conditions. Additional sampling may have been conducted or pens excluded. Please contact DFO for details. ,0,,
2016,June,1580,Marine Harvest,Jackson Pass,4,2,0.4,0.2,0.4,0.6,Management action underway; Survey methodology may vary from sampling design outlined in licence conditions. Additional sampling may have been conducted or pens excluded. Please contact DFO for details. ,0,,
2016,June,1691,Marine Harvest,Kid Bay,4,2,3.4,1.5,0.9,0.7,Harvesting,0,,
2016,June,1895,Marine Harvest,Sheep Passage,4,3,0.4,0.1,0.3,0.0,Management action underway; Survey methodology may vary from sampling design outlined in licence conditions. Additional sampling may have been conducted or pens excluded. Please contact DFO for details. ,0,,
2016,July,1537,Cermaq,Bare Bluff,2,2,0.2,0.1,0.0,0.0,,1,,
2016,July,227,Cermaq,Bawden Point,2,2,0.5,0.3,0.4,0.1,,2,,
2016,July,520,Cermaq,Bedwell,2,0,,,,,Fallow,,,
2016,July,1148,Cermaq,Binns,2,2,0.2,0.1,0.1,0.0,,1,,
2016,July,540,Cermaq,Fortune,2,2,1.3,0.7,0.0,0.2,,1,,
2016,July,1507,Cermaq,Millar Channel,2,0,,,,,Counts precluded by diminished stock (<4 pens),2,,
2016,July,543,Cermaq,Mussel Rock,2,2,0.4,0.2,0.0,0.0,,2,,
2016,July,6668,Cermaq,Plover,2,1,0.9,0.5,0.0,0.3,,2,,
2016,July,314,Cermaq,Ross Pass,2,0,,,,,Fallow,,,
2016,July,527,Cermaq,Saranac,2,2,4.5,1.8,1.0,6.0,Management action planned,1,,
2016,July,1472,Cermaq,West Side,2,2,0.4,0.2,0.2,0.2,,1,,
2016,July,1738,Greig,Atrevida,2,0,,,,,Fallow,,,
2016,July,1789,Greig,Concepcion,2,0,,,,,Counts precluded by diminished stock (<4 pens),2,,
2016,July,1863,Greig,Esperanza,2,1,4.5,2.2,0.1,0.0,Management action planned,1,,
2016,July,1079,Greig,Steamer,2,1,1.1,0.8,0.0,0.0,,1,,
2016,July,1705,Greig,Williamson,2,0,,,,,Counts precluded by diminished stock (<4 pens),2,,
2016,July,1698,Greig,Ahlstrom,3,0,,,,,Counts precluded by environmental conditions,2,,
2016,July,1697,Greig,Culloden,3,0,,,,,Counts precluded by environmental conditions,2,,
2016,July,332,Greig, Salten ,3,1,0.4,0.2,0.0,0.0,,2,,
2016,July,412,Greig,Site 9,3,0,,,,,Fallow,,,
2016,July,746,Greig, Site 13,3,1,0.4,0.3,0.0,0.0,Survey methodology may vary from sampling design outlined in licence conditions. Additional sampling may have been conducted or pens excluded. Please contact DFO for details. ,2,,
2016,July,303,Marine Harvest,Glacial Creek,3,0,,,,,Brood fish in spawning year,Brood,,
2016,July,1401,Cermaq,Brent ,3,2,0.2,0.1,0.0,0.0,,2,,
2016,July,304,Cermaq,Raza,3,1,0.1,0.1,0.0,0.1,Count from a full complement of 3 pens precluded by environmental conditions,1,,
2016,July,306,Cermaq,Venture,3,1,0.2,0.1,0.1,0.0,,2,,
2016,July,871,Greig,Barnes,3,1,0.2,0.2,0.1,0.0,,2,,
2016,July,790,Marine Harvest,Chancellor ,3,1,1.5,0.6,1.6,0.3,,1,,
2016,July,100,Marine Harvest,Lees Bay,3,2,1.5,0.6,1.1,0.4,,1,,
2016,July,211,Marine Harvest,Okisollo,3,1,0.4,0.1,0.2,0.1,,2,,
2016,July,78,Marine Harvest,Phillips Arm,3,2,0.2,0.1,0.1,0.4,,1,,
2016,July,380,Marine Harvest,Sonora Point,3,0,,,,,Counts precluded by diminished stock (<4 pens),2,,
2016,July,1144,Cermaq,Burdwood,3,2,0.4,0.1,0.2,0.5,,1,,
2016,July,458,Cermaq,Cypress Harbour,3,2,0.1,0.0,0.0,0.1,Survey methodology may vary from sampling design outlined in licence conditions. Additional sampling may have been conducted or pens excluded. Please contact DFO for details. ,Brood,,
2016,July,869,Cermaq,Maude,3,1,0.0,0.0,0.0,0.0,,1,,
2016,July,728,Cermaq,Sir Ed,3,2,0.1,0.0,0.0,0.0,Count from a full complement of 3 pens in 2nd event precluded by environmental conditions,1,,
2016,July,1825,Greig,Noo-la,3,1,0.1,0.0,0.0,0.1,Survey methodology may vary from sampling design outlined in licence conditions. Additional sampling may have been conducted or pens excluded. Please contact DFO for details. ,1,,
2016,July,1839,Greig,Wa-kwa,3,0,,,,,Recent transfer,1,,
2016,July,1586,Marine Harvest,Doctor Islets,3,2,0.1,0.0,0.0,0.0,,1,,
2016,July,821,Marine Harvest,Glacier Falls,3,2,1.0,0.5,0.1,0.4,,2,,
2016,July,1618,Marine Harvest,Humphrey Rock,3,2,0.1,0.1,0.0,0.0,,2,,
2016,July,467,Marine Harvest,Midsummer,3,1,0.1,0.0,0.6,0.6,,2,,
2016,July,141,Marine Harvest,Port Elizabeth,3,2,0.2,0.1,0.0,0.1,,1,,
2016,July,1145,Marine Harvest,Potts Bay,3,3,0.6,0.2,0.7,0.0,,Brood,,
2016,July,1059,Marine Harvest,Sargeaunt Pass,3,2,0.0,0.0,0.0,0.0,,2,,
2016,July,465,Marine Harvest,Swanson,3,2,0.4,0.1,0.4,0.7,,1,,
2016,July,820,Marine Harvest,Wicklow,3,2,0.9,0.1,1.0,1.3,,1,,
2016,July,892,Marine Harvest,Bell Island,3,2,0.9,0.2,1.3,0.3,,1,,
2016,July,7053,Marine Harvest,Bull Harbour,3,2,5.9,3.1,4.4,2.4,Management action underway; Bi-weekly counts,2,,
2016,July,1293,Marine Harvest,Duncan,3,1,1.4,0.5,0.0,0.6,,1,,
2016,July,1351,Marine Harvest,Marsh Bay,3,2,0.3,0.1,0.3,0.0,,2,,
2016,July,1350,Marine Harvest,Shelter Bay,3,2,0.1,0.0,2.5,0.4,,2,,
2016,July,831,Marine Harvest,Shelter Pass,3,3,0.6,0.2,1.1,0.4,,1,,
2016,July,1702,Marine Harvest,Goat Cove,4,2,2.2,1.1,0.0,0.0,Survey methodology may vary from sampling design outlined in licence conditions. Additional sampling may have been conducted or pens excluded. Please contact DFO for details. ,2,,
2016,July,1580,Marine Harvest,Jackson Pass,4,2,0.3,0.1,2.2,0.8,,1,,
2016,July,1691,Marine Harvest,Kid Bay,4,0,,,,,Counts precluded by diminished stock (<4 pens),2,,
2016,July,1895,Marine Harvest,Sheep Passage,4,2,0.7,0.3,0.1,0.0,Survey methodology may vary from sampling design outlined in licence conditions. Additional sampling may have been conducted or pens excluded. Please contact DFO for details. ,1,,
2016,August,1537,Cermaq,Bare Bluff,2,3,0.2,0.1,0.2,0.1,2nd count included only two pens,1,,
2016,August,227,Cermaq,Bawden Point,2,2,0.5,0.3,0.1,0.1,,2,,
2016,August,1148,Cermaq,Binns,2,2,0.1,0.0,0.1,0.0,,1,,
2016,August,540,Cermaq,Fortune,2,2,1.2,0.7,0.7,1.4,,1,,
2016,August,1507,Cermaq,Millar Channel,2,0,,,,,Fallow,,,
2016,August,543,Cermaq,Mussel Rock,2,1,1.0,0.4,0.4,0.5,,2,,
2016,August,6668,Cermaq,Plover,2,2,1.8,1.0,0.6,0.1,,2,,
2016,August,527,Cermaq,Saranac,2,2,1.2,0.5,1.8,0.8,,1,,
2016,August,1472,Cermaq,West Side,2,2,0.4,0.3,3.6,2.4,,1,,
2016,August,1789,Greig,Concepcion,2,0,,,,,Fallow,,,
2016,August,1863,Greig,Esperanza,2,0,,,,,Counts precluded by environmental conditions,1,,
2016,August,1079,Greig,Steamer,2,0,,,,,Counts precluded by environmental conditions,1,,
2016,August,1705,Greig,Williamson,2,0,,,,,Counts precluded by diminished stock (<4 pens),2,,
2016,August,1698,Greig, Ahlstrom ,3,1,0.0,0.0,0.0,0.0,,2,,
2016,August,1697,Greig, Culloden ,3,1,0.1,0.0,0.0,0.0,,2,,
2016,August,332,Greig, Salten ,3,1,0.1,0.1,0.0,0.0,,2,,
2016,August,746,Greig, Site 13,3,1,0.2,0.1,0.0,0.0,,2,,
2016,August,303,Marine Harvest,Glacial Creek,3,0,,,,,Broodstock in spawning year,Brood,,
2016,August,1401,Cermaq,Brent ,3,2,0.2,0.1,0.0,0.0,1st count included only two pens,2,,
2016,August,304,Cermaq,Raza,3,2,0.0,0.0,0.0,0.0,Additional pens sampled,1,,
2016,August,306,Cermaq,Venture,3,1,0.2,0.0,0.0,0.0,,2,,
2016,August,871,Greig,Barnes,3,1,0.1,0.1,0.0,0.0,,2,,
2016,August,790,Marine Harvest,Chancellor ,3,2,2.6,1.7,2.2,0.1,,1,,
2016,August,100,Marine Harvest,Lees Bay,3,2,1.3,0.6,0.6,0.3,,1,,
2016,August,211,Marine Harvest,Okisollo,3,2,0.2,0.1,0.2,0.1,,2,,
2016,August,78,Marine Harvest,Phillips Arm,3,2,0.7,0.3,0.0,0.3,,1,,
2016,August,380,Marine Harvest,Sonora Point,3,1,0.0,0.0,0.0,0.0,Additional pens sampled,1,,
2016,August,1144,Cermaq,Burdwood,3,2,0.8,0.2,0.2,0.3,,1,,
2016,August,458,Cermaq,Cypress Harbour,3,1,0.1,0.0,0.2,0.0,,Brood,,
2016,August,869,Cermaq,Maude,3,2,0.0,0.0,0.0,0.0,,1,,
2016,August,728,Cermaq,Sir Edmund Bay,3,0,,,,,Counts precluded by environmental conditions,1,,
2016,August,1825,Greig,Noo-la,3,1,0.3,0.0,0.0,0.0,,1,,
2016,August,1839,Greig,Sambo,3,1,0.9,0.4,0.0,0.0,,1,,
2016,August,1586,Marine Harvest,Doctor Islets,3,2,0.5,0.2,0.1,0.1,,1,,
2016,August,821,Marine Harvest,Glacier Falls,3,2,2.4,0.8,0.1,0.1,Management action planned; Additional pens sampled,2,,
2016,August,1618,Marine Harvest,Humphrey Rock,3,2,0.1,0.1,0.0,0.0,,2,,
2016,August,467,Marine Harvest,Midsummer,3,2,1.1,0.2,2.3,0.5,,2,,
2016,August,141,Marine Harvest,Port Elizabeth,3,1,0.3,0.2,0.1,0.0,Survey methodology may vary from sampling design outlined in licence conditions,1,,
2016,August,1145,Marine Harvest,Potts Bay,3,2,2.0,0.5,2.5,0.4,,Brood,,
2016,August,1059,Marine Harvest,Sargeaunt Pass,3,1,0.0,0.0,0.0,0.0,,2,,
2016,August,465,Marine Harvest,Swanson,3,2,0.2,0.1,1.8,0.1,Survey methodology may vary from sampling design outlined in licence conditions,1,,
2016,August,820,Marine Harvest,Wicklow,3,2,2.6,1.1,2.9,1.8,Bi-weekly counts,1,,
2016,August,892,Marine Harvest,Bell Island,3,1,1.5,0.5,0.9,0.5,,1,,
2016,August,7053,Marine Harvest,Bull Harbour,3,2,0.5,0.4,0.0,0.1,,2,,
2016,August,1293,Marine Harvest,Duncan,3,1,2.0,0.7,0.0,0.7,,1,,
2016,August,1351,Marine Harvest,Marsh Bay,3,2,0.6,0.1,1.1,0.1,,2,,
2016,August,1350,Marine Harvest,Shelter Bay,3,2,0.7,0.2,0.1,0.3,,2,,
2016,August,831,Marine Harvest,Shelter Pass,3,2,1.2,0.1,0.6,0.8,,1,,
2016,August,1702,Marine Harvest,Goat Cove,4,2,3.4,2.0,1.0,0.0,Harvesting,2,,
2016,August,1691,Marine Harvest,Kid Bay,4,0,,,,,Counts precluded by harvesting,2,,
2016,August,1580,Marine Harvest,Jackson Pass,4,2,1.5,0.7,3.2,1.6,,1,,
2016,August,1895,Marine Harvest,Sheep Passage,4,2,1.6,1.0,0.0,0.0,2nd count included only two pens,1,,
2016,September,1537,Cermaq,Bare Bluff,2,1,0.1,0.0,0.0,0.1,,1,,
2016,September,227,Cermaq,Bawden Point,2,2,0.7,0.4,0.1,0.1,,2,,
2016,September,1148,Cermaq,Binns,2,2,0.1,0.0,0.0,0.0,,1,,
2016,September,234,Cermaq,Dixon Bay,2,0,,,,,Recent seawater entry,1,,
2016,September,540,Cermaq,Fortune,2,1,1.6,0.9,0.1,0.6,,1,,
2016,September,543,Cermaq,Mussel Rock,2,0,,,,,Counts precluded by harvesting,2,,
2016,September,6668,Cermaq,Plover,2,2,1.3,0.8,0.1,0.1,,2,,
2016,September,314,Cermaq,Ross Pass,2,0,,,,,Recent seawater entry,1,,
2016,September,527,Cermaq,Saranac,2,1,0.6,0.2,0.3,0.0,,1,,
2016,September,1472,Cermaq,West Side,2,1,0.6,0.3,0.1,0.9,,1,,
2016,September,1863,Greig,Esperanza,2,0,,,,,Coordinated multi-facility management action underway; Bi-weekly counts; Counts precluded by management action.,1,,
2016,September,1079,Greig,Steamer,2,1,14.5,7.2,0.1,0.0,Coordinated multi-facility management action underway; Bi-weekly counts; 2nd count precluded by management action.,1,,
2016,September,1705,Greig,Williamson,2,0,,,,,Fallow,,,
2016,September,1698,Greig, Ahlstrom ,3,1,0.5,0.2,0.1,0.0,,2,,
2016,September,1697,Greig,Culloden,3,0,,,,,Counts precluded by harvesting,2,,
2016,September,332,Greig,Salten,3,0,,,,,Counts precluded by environmental conditions,2,,
2016,September,746,Greig, Site 13,3,1,0.2,0.1,0.0,0.0,,2,,
2016,September,303,Marine Harvest,Glacial Creek,3,0,,,,,Broodstock in spawning year,Brood,,
2016,September,1401,Cermaq,Brent ,3,2,0.2,0.1,0.0,0.0,,2,,
2016,September,304,Cermaq,Raza,3,2,0.1,0.1,0.0,0.0,,1,,
2016,September,306,Cermaq,Venture,3,1,0.2,0.2,0.0,0.0,,2,,
2016,September,871,Greig,Barnes,3,1,0.1,0.1,0.0,0.0,,2,,
2016,September,790,Marine Harvest,Chancellor ,3,1,3.8,3.1,1.8,0.3,Bi-weekly counts,1,,
2016,September,1581,Marine Harvest,Hardwicke,3,0,,,,,Recent transfer,1,,
2016,September,100,Marine Harvest,Lees Bay,3,2,2.3,1.1,1.1,0.4,,1,,
2016,September,211,Marine Harvest,Okisollo,3,2,0.4,0.1,0.3,0.2, ,2,,
2016,September,78,Marine Harvest,Phillips Arm,3,2,0.6,0.2,0.2,0.2,,1,,
2016,September,380,Marine Harvest,Sonora Point,3,2,0.2,0.1,0.3,0.0,,1,,
2016,September,1144,Cermaq,Burdwood,3,2,1.4,0.4,0.0,0.2, ,1,,
2016,September,458,Cermaq,Cypress Harbour,3,1,0.4,0.3,0.0,0.0,Count from only one pen due to diminished stocks,Brood,,
2016,September,869,Cermaq,Maude,3,2,0.0,0.0,0.0,0.0, ,1,,
2016,September,728,Cermaq,Sir Ed,3,2,0.1,0.1,0.0,0.0,,1,,
2016,September,1825,Greig,Noo-la,3,1,0.4,0.3,0.0,0.0,,1,,
2016,September,1839,Greig,Wa-kwa (Sambo),3,1,0.2,0.1,0.0,0.0,,1,,
2016,September,1586,Marine Harvest,Doctor Islets,3,2,0.5,0.3,0.0,0.0,,1,,
2016,September,821,Marine Harvest,Glacier Falls,3,2,1.7,1.2,0.0,0.0,,2,,
2016,September,1618,Marine Harvest,Humphrey Rock,3,0,,,,,Counts precluded by harvesting,2,,
2016,September,467,Marine Harvest,Midsummer,3,2,2.1,1.1,2.3,0.1,,2,,
2016,September,141,Marine Harvest,Port Elizabeth,3,0,,,,,Counts precluded by diminished stock (<4 pens),2,,
2016,September,1145,Marine Harvest,Potts Bay,3,3,2.3,0.8,4.8,1.2,Survey methodology may vary from sampling design outlined in licence conditions; Management action underway,Brood,,
2016,September,1059,Marine Harvest,Sargeaunt Pass,3,0,,,,,Counts precluded by harvesting,2,,
2016,September,465,Marine Harvest,Swanson,3,1,0.6,0.3,1.0,0.4,,1,,
2016,September,820,Marine Harvest,Wicklow,3,2,2.7,1.4,2.1,0.5,,1,,
2016,September,892,Marine Harvest,Bell Island,3,0,,,,,Fallow,,,
2016,September,7053,Marine Harvest,Bull Harbour,3,2,0.2,0.1,0.0,0.1,,2,,
2016,September,1293,Marine Harvest,Duncan,3,3,3.7,1.7,6.4,1.4,Survey methodology may vary from sampling design outlined in licence conditions; Management action underway,1,,
2016,September,1351,Marine Harvest,Marsh Bay,3,2,0.8,0.4,13.1,1.0,,2,,
2016,September,1350,Marine Harvest,Shelter Bay,3,2,0.8,0.3,0.0,0.1,,2,,
2016,September,831,Marine Harvest,Shelter Pass,3,4,1.0,0.3,0.9,0.4,Survey methodology may vary from sampling design outlined in licence conditions,1,,
2016,September,1702,Marine Harvest,Goat Cove,4,2,5.8,2.9,2.5,0.2,Harvesting,2,,
2016,September,1580,Marine Harvest,Jackson Pass,4,2,5.8,3.3,1.7,1.1,Management action planned,1,,
2016,September,1691,Marine Harvest,Kid Bay,4,0,,,,,Fallow,,,
2016,September,1895,Marine Harvest,Sheep Passage,4,1,3.4,1.9,0.3,0.1,Management action planned,1,,
2016,October,1537,Cermaq,Bare Bluff,2,2,0.1,0.1,0.0,0.1,,2,,
2016,October,227,Cermaq,Bawden Point,2,2,0.5,0.3,0.0,0.1,,2,,
2016,October,1148,Cermaq,Binns,2,2,0.1,0.0,0.0,0.0,,1,,
2016,October,234,Cermaq,Dixon,2,0,,,,,Counts precluded by health management action,1,,
2016,October,540,Cermaq,Fortune,2,2,1.1,0.7,0.1,0.0,,1,,
2016,October,543,Cermaq,Mussel Rock,2,0,,,,,Recent seawater entry,1,,
2016,October,6668,Cermaq,Plover,2,0,,,,,Counts precluded by diminished stock (<4 pens),2,,
2016,October,314,Cermaq,Ross Pass,2,0,,,,,Recent seawater entry,1,,
2016,October,527,Cermaq,Saranac,2,0,,,,,Fallow,,,
2016,October,1472,Cermaq,West Side,2,2,0.4,0.3,0.0,0.3,,1,,
2016,October,1738,Greig, Atrevida ,2,1,0.1,0.0,0.0,0.0,,1,,
2016,October,1863,Greig,Esperanza,2,0,,,,,Counts precluded by environmental conditions,2,,
2016,October,1849,Greig,Muchalat North,2,0,,,,,Recent seawater entry,1,,
2016,October,1700,Greig,Muchalat South,2,0,,,,,Recent seawater entry,1,,
2016,October,1079,Greig,Steamer,2,1,15.5,8.5,0.0,0.0,Alternative Management Action Planned,2,,
2016,October,144,Marine Harvest,Koskimo,2,0,,,,,Recent seawater entry,1,,
2016,October,1237,Marine Harvest,Monday Rocks,2,0,,,,,Recent seawater entry,1,,
2016,October,1698,Greig, Ahlstrom ,3,1,0.1,0.0,0.0,0.0,,2,,
2016,October,1697,Greig,Culloden,3,0,,,,,Counts precluded by diminished stock (<4 pens),2,,
2016,October,332,Greig, Salten ,3,1,0.3,0.1,0.0,0.0,,2,,
2016,October,746,Greig, Site 13,3,1,0.1,0.1,0.0,0.0,,2,,
2016,October,303,Marine Harvest,Glacial Creek,3,0,,,,,Broodstock in spawning year,Brood,,
2016,October,1401,Cermaq,Brent ,3,2,0.5,0.3,0.1,0.1,,2,,
2016,October,304,Cermaq,Raza,3,2,0.4,0.2,0.0,0.0,,1,,
2016,October,306,Cermaq,Venture,3,0,,,,,Counts precluded by environmental conditions,2,,
2016,October,871,Greig,Barnes,3,1,1.1,0.3,0.5,0.0,Survey methodology may vary from sampling design outlined in licence conditions,2,,
2016,October,790,Marine Harvest,Chancellor ,3,1,6.2,4.3,4.6,1.2,Management action planned,1,,
2016,October,1581,Marine Harvest,Hardwicke,3,2,1.2,0.4,7.1,0.7,Management action planned,1,,
2016,October,100,Marine Harvest,Lees Bay,3,2,4.2,1.6,6.0,0.8,Management action planned; Bi-weekly counts,1,,
2016,October,211,Marine Harvest,Okisollo,3,2,0.8,0.4,0.4,0.1,,2,,
2016,October,78,Marine Harvest,Phillips Arm,3,2,0.8,0.4,0.2,0.3,,1,,
2016,October,380,Marine Harvest,Sonora Point,3,2,1.1,0.5,0.6,0.0,,1,,
2016,October,1144,Cermaq,Burdwood,3,2,1.2,0.5,0.1,0.2,Survey methodology may vary from sampling design outlined in licence conditions,1,,
2016,October,458,Cermaq,Cypress Harbour,3,1,0.5,0.3,0.0,0.0,Count from only one pen ,Brood,,
2016,October,869,Cermaq,Maude,3,2,0.1,0.1,0.0,0.0,,1,,
2016,October,728,Cermaq,Sir Edmund Bay,3,1,0.3,0.2,0.0,0.0,,2,,
2016,October,1825,Greig,Noo-la,3,1,0.5,0.3,0.0,0.0,,2,,
2016,October,1839,Greig,Wa-kwa,3,1,0.3,0.1,0.0,0.1,,1,,
2016,October,1586,Marine Harvest,Doctor Islets,3,3,0.5,0.2,0.2,0.0,,1,,
2016,October,821,Marine Harvest,Glacier Falls,3,0,,,,,Counts precluded by environmental conditions,2,,
2016,October,1618,Marine Harvest,Humphrey Rock,3,0,,,,,Fallow,,,
2016,October,467,Marine Harvest,Midsummer,3,2,1.8,1.0,1.4,0.0,,2,,
2016,October,141,Marine Harvest,Port Elizabeth,3,0,,,,,Fallow,,,
2016,October,1145,Marine Harvest,Potts Bay,3,2,1.2,0.3,2.3,0.0,,Brood,,
2016,October,1059,Marine Harvest,Sargeaunt Pass,3,0,,,,,Counts precluded by diminished stock (<4 pens),2,,
2016,October,465,Marine Harvest,Swanson,3,2,0.6,0.3,1.2,0.2,,1,,
2016,October,820,Marine Harvest,Wicklow,3,2,3.8,2.0,2.4,1.2,Bi-weekly counts,1,,
2016,October,7053,Marine Harvest,Bull Harbour,3,3,0.2,0.1,0.0,0.1,Survey methodology may vary from sampling design outlined in licence conditions,2,,
2016,October,1293,Marine Harvest,Duncan,3,3,2.4,1.2,10.1,0.4,Management action underway,1,,
2016,October,1351,Marine Harvest,Marsh Bay,3,2,6.2,3.3,19.9,1.8,Harvesting,2,,
2016,October,1350,Marine Harvest,Shelter Bay,3,2,0.6,0.4,0.1,0.3,,2,,
2016,October,831,Marine Harvest,Shelter Pass,3,2,1.1,0.3,0.6,0.5,Survey methodology may vary from sampling design outlined in licence conditions,1,,
2016,October,7714,Marine Harvest,Alexander Inlet,4,0,,,,,Recent seawater entry,1,,
2016,October,1702,Marine Harvest,Goat Cove,4,1,9.5,6.5,2.3,0.4,Harvesting,2,,
2016,October,1580,Marine Harvest,Jackson Pass,4,3,18.5,7.4,1.7,0.6,Management action underway,1,,
2016,October,1895,Marine Harvest,Sheep Passage,4,3,10.4,5.6,0.6,0.2,Management action underway,2,,
2016,November,1537,Cermaq,Bare Bluff,2.3,2,0.1,0.1,0.0,0.0,,2,,
2016,November,227,Cermaq,Bawden Point,2.3,2,0.4,0.3,0.0,0.0,Survey methodology may vary from sampling design outlined in licence conditions,2,,
2016,November,1148,Cermaq,Binns,2.3,2,0.0,0.0,0.0,0.0,,2,,
2016,November,234,Cermaq,Dixon,2.3,2,0.1,0.0,0.0,0.0,,1,,
2016,November,540,Cermaq,Fortune,2.3,1,0.7,0.5,0.0,0.0,,1,,
2016,November,543,Cermaq,Mussel Rock,2.3,0,,,,,Recent seawater entry,2,,
2016,November,6668,Cermaq,Plover Point,2.3,0,,,,,Fallow,,,
2016,November,314,Cermaq,Ross Pass,2.3,1,0.1,0.0,0.0,0.0,Survey methodology may vary from sampling design outlined in licence conditions,1,,
2016,November,1472,Cermaq,West Side,2.3,2,0.2,0.1,0.0,0.0,,1,,
2016,November,1738,Grieg, Atrevida ,2.4,1,0.1,0.0,0.0,0.0,,1,,
2016,November,1789,Grieg,Concepcion,2.4,0,,,,,Recent seawater entry,1,,
2016,November,1863,Grieg,Esperanza,2.4,2,10.1,8.2,0.0,0.0,Alternative management action planned,2,,
2016,November,1849,Grieg,Muchalat N,2.4,1,0.0,0.0,0.0,0.0,,1,,
2016,November,1700,Grieg,Muchalat S,2.4,1,0.0,0.0,0.0,0.0,,1,,
2016,November,1079,Grieg,Steamer,2.4,1,13.6,9.7,0.0,0.0,Alternative management action planned,2,,
2016,November,144,Marine Harvest,Koskimo,2.4,1,0.0,0.0,0.1,0.1,,1,,
2016,November,1237,Marine Harvest,Monday Rocks,2.4,3,0.0,0.0,0.0,0.0,Survey methodology may vary from sampling design outlined in licence conditions,1,,
2016,November,1698,Grieg,Ahlstrom,3.1,0,,,,,Counts precluded by diminished stock (<4 pens),2,,
2016,November,332,Grieg, Salten ,3.1,1,1.2,0.7,0.1,0.1,,2,,
2016,November,746,Grieg, Site 13,3.1,1,0.6,0.3,0.0,0.0,Survey methodology may vary from sampling design outlined in licence conditions,2,,
2016,November,303,Marine Harvest,Glacial Creek,3.1,0,,,,,Broodstock in spawning year,Brood,,
2016,November,1401,Cermaq,Brent ,3.2,2,2.5,1.2,0.5,0.5,Harvest pending; Survey methodology may vary from sampling design outlined in licence conditions,2,,
2016,November,304,Cermaq,Raza,3.2,2,0.5,0.3,0.0,0.0,Survey methodology may vary from sampling design outlined in licence conditions,2,,
2016,November,306,Cermaq,Venture,3.2,2,4.4,1.4,0.2,0.5,Harvest pending,2,,
2016,November,871,Grieg,Barnes,3.2,1,4.6,1.0,1.9,0.7,Harvest pending,2,,
2016,November,1300,Marine Harvest,Althorpe,3.2,0,,,,,Recent transfer,1,,
2016,November,790,Marine Harvest,Chancellor ,3.2,2,8.4,4.6,3.0,0.6,Management action underway,2,,
2016,November,1581,Marine Harvest,Hardwicke,3.2,1,23.2,5.5,27.9,4.7,Management action underway; Survey methodology may vary from sampling design outlined in licence conditions,1,,
2016,November,100,Marine Harvest,Lees Bay,3.2,2,7.5,2.2,5.1,0.4,Management action underway,2,,
2016,November,211,Marine Harvest,Okisollo,3.2,2,3.5,1.3,1.4,0.6,Harvesting,2,,
2016,November,78,Marine Harvest,Phillips Arm,3.2,3,4.1,1.3,0.3,0.5,Management action planned,2,,
2016,November,380,Marine Harvest,Sonora Point,3.2,3,7.6,3.4,2.2,0.4,Management action planned,2,,
2016,November,1144,Cermaq,Burdwood,3.3,1,0.9,0.4,0.2,0.1,Survey methodology may vary from sampling design outlined in licence conditions,1,,
2016,November,458,Cermaq,Cypress Harbour,3.3,2,0.5,0.3,0.2,0.0,Survey methodology may vary from sampling design outlined in licence conditions,Brood,,
2016,November,869,Cermaq,Maude,3.3,1,0.2,0.1,0.0,0.0,Survey methodology may vary from sampling design outlined in licence conditions,1,,
2016,November,728,Cermaq,Sir Edmund Bay,3.3,1,1.0,0.5,0.4,0.2,,2,,
2016,November,1825,Grieg,Noo-la,3.3,1,0.7,0.3,0.0,0.4,,2,,
2016,November,1839,Grieg,Wa-kwa,3.3,1,0.8,0.2,0.0,0.8,,1,,
2016,November,1586,Marine Harvest,Doctor Islets,3.3,2,1.1,0.2,1.4,0.3,,1,,
2016,November,821,Marine Harvest,Glacier Falls,3.3,1,2.7,1.8,1.4,0.1,,2,,
2016,November,467,Marine Harvest,Midsummer,3.3,2,5.6,2.9,4.6,0.3,Harvest pending,2,,
2016,November,1145,Marine Harvest,Potts Bay,3.3,2,2.1,0.7,8.1,0.5,,Brood,,
2016,November,1059,Marine Harvest,Sargeaunt Pass,3.3,0,,,,,Fallow,,,
2016,November,465,Marine Harvest,Swanson,3.3,2,2.5,0.9,3.9,0.4,Bi-weekly counts,1,,
2016,November,820,Marine Harvest,Wicklow,3.3,2,3.0,1.2,0.3,0.8,Management action planned,1,,
2016,November,7053,Marine Harvest,Bull Harbour,3.4,2,0.5,0.3,0.0,0.1,Survey methodology may vary from sampling design outlined in licence conditions,2,,
2016,November,1288,Marine Harvest,Doyle,3.4,0,,,,,Recent transfer,1,,
2016,November,1293,Marine Harvest,Duncan,3.4,2,2.6,1.2,2.0,0.5,Management action planned; Survey methodology may vary from sampling design outlined in licence conditions,1,,
2016,November,1351,Marine Harvest,Marsh Bay,3.4,1,7.8,5.0,3.3,0.7,Harvesting,2,,
2016,November,1350,Marine Harvest,Shelter Bay,3.4,2,1.7,1.1,0.3,0.7,,2,,
2016,November,831,Marine Harvest,Shelter Pass,3.4,3,1.3,0.4,0.4,0.3,Management action underway,1,,
2016,November,7714,Marine Harvest,Alexander Inlet,3.5,1,0.9,0.3,4.1,1.3,,1,,
2016,November,1702,Marine Harvest,Goat Cove,3.5,0,,,,,Counts precluded by diminished stock (<4 pens),2,,
2016,November,1580,Marine Harvest,Jackson Pass,3.5,1,10.2,3.7,1.2,0.0,Management action planned,1,,
2016,November,1895,Marine Harvest,Sheep Passage,3.5,2,1.9,1.2,0.7,0.0,Survey methodology may vary from sampling design outlined in licence conditions,2,,
2016,December,1537,Cermaq,Bare Bluff,2.3,2,0.3,0.1,0.1,0.0,,2,,
2016,December,227,Cermaq,Bawden,2.3,0,,,,,Counts precluded by diminished stock (<4 pens),2,,
2016,December,1148,Cermaq,Binns,2.3,2,0.2,0.1,0.0,0.0,,2,,
2016,December,1401,Cermaq,Brent,2.3,0,,,,,Counts precluded by diminished stock (<4 pens),2,,
2016,December,234,Cermaq,Dixon,2.3,1,0.1,0.0,0.0,0.0,,1,,
2016,December,540,Cermaq,Fortune,2.3,2,0.9,0.6,0.0,0.1,,1,,
2016,December,543,Cermaq,Mussel Rock,2.3,1,0.1,0.0,0.2,0.3,,1,,
2016,December,314,Cermaq,Ross Pass,2.3,2,0.1,0.0,0.0,0.0,,1,,
2016,December,1472,Cermaq,West Side,2.3,2,0.3,0.2,0.0,0.0,,2,,
2016,December,1738,Grieg, Atrevida ,2.4,1,0.1,0.0,0.0,0.0,,1,,
2016,December,1789,Grieg,Concepcion,2.4,0,,,,,Recent seawater entry,1,,
2016,December,1863,Grieg,Esperanza,2.4,2,12.6,10.3,0.0,0.0,Alternative management action planned; Bi-weekly counts ,2,,
2016,December,1849,Grieg,Muchalat N,2.4,1,0.0,0.0,0.0,0.0,,1,,
2016,December,1700,Grieg,Muchalat S,2.4,1,0.0,0.0,0.0,0.0,,1,,
2016,December,1079,Grieg,Steamer,2.4,3,15.4,9.2,1.1,0.0,Alternative management action planned; Bi-weekly counts ,2,,
2016,December,144,Marine Harvest,Koskimo,2.4,1,0.2,0.0,0.8,0.1,,1,,
2016,December,1237,Marine Harvest,Monday Rocks,2.4,2,0.1,0.0,0.1,0.0,,1,,
2016,December,1698,Grieg,Ahlstrom,3.1,0,,,,,Fallow,,,
2016,December,332,Grieg,Salten ,3.1,1,0.7,0.4,0.0,0.0,,2,,
2016,December,746,Grieg,Site 13,3.1,1,0.6,0.2,0.0,0.1,Survey methodology may vary from sampling design outlined in licence conditions,2,,
2016,December,303,Marine Harvest,Glacial Creek,3.1,0,,,,,Broodstock in spawning year,Brood,,
2016,December,304,Cermaq,Raza,3.2,2,1.3,0.6,0.0,0.0,Management action planned,2,,
2016,December,306,Cermaq,Venture,3.2,2,13.9,8.3,0.2,0.9,Harvesting,2,,
2016,December,871,Grieg,Barnes Bay,3.2,0,,,,,Counts precluded by diminished stock (<4 pens),2,,
2016,December,1300,Marine Harvest,Althorpe,3.2,1,4.1,2.5,0.0,1.6,Management action planned,1,,
2016,December,790,Marine Harvest,Chancellor ,3.2,2,1.4,1.0,0.1,0.0,,2,,
2016,December,1581,Marine Harvest,Hardwicke,3.2,2,2.1,1.0,0.4,0.4,Bi-weekly counts,1,,
2016,December,100,Marine Harvest,Lees Bay,3.2,2,1.7,0.7,0.0,0.0,,2,,
2016,December,211,Marine Harvest,Okisollo,3.2,0,,,,,Counts precluded by diminished stock (<4 pens),2,,
2016,December,78,Marine Harvest,Phillips Arm,3.2,1,1.8,1.0,0.0,0.0,Management action underway,2,,
2016,December,380,Marine Harvest,Sonora Point,3.2,2,25.3,10.3,2.1,1.4,Bi-weekly counts; Management action underway; Survey methodology may vary from sampling design outlined in licence conditions,2,,
2016,December,1144,Cermaq,Burdwood,3.3,2,1.9,0.9,0.6,0.6,Bi-weekly counts; Management action planned,1,,
2016,December,458,Cermaq,Cypress Harbour,3.3,2,0.5,0.2,0.4,0.0,Survey methodology may vary from sampling design outlined in licence conditions; Management action planned,Brood,,
2016,December,869,Cermaq,Maude,3.3,1,0.3,0.2,0.0,0.1,Management action planned,1,,
2016,December,728,Cermaq,Sir Edmund Bay,3.3,2,1.9,0.8,0.5,0.2,Bi-weekly counts; Management action planned,2,,
2016,December,1825,Grieg,Noo-la,3.3,1,1.0,0.7,1.1,0.0,,2,,
2016,December,1839,Grieg,Wa-kwa,3.3,1,1.6,0.3,4.5,0.0,Survey methodology may vary from sampling design outlined in licence conditions,1,,
2016,December,1586,Marine Harvest,Doctor Islets,3.3,2,1.6,0.4,2.2,0.2,Bi-weekly counts; Management action planned,1,,
2016,December,821,Marine Harvest,Glacier Falls,3.3,0,,,,,Counts precluded by diminished stock (<4 pens),2,,
2016,December,467,Marine Harvest,Midsummer,3.3,2,7.5,4.6,2.9,0.4,Harvesting,2,,
2016,December,1145,Marine Harvest,Potts Bay,3.3,2,3.9,2.1,2.6,1.2,Bi-weekly counts; Management action planned,Brood,,
2016,December,465,Marine Harvest,Swanson,3.3,2,3.4,1.4,2.5,0.1,Bi-weekly counts; Management action planned,1,,
2016,December,820,Marine Harvest,Wicklow,3.3,2,3.1,1.5,0.3,0.6,Bi-weekly counts; Management action planned,1,,
2016,December,7053,Marine Harvest,Bull Harbour,3.4,2,0.2,0.1,0.0,0.0,,2,,
2016,December,1288,Marine Harvest,Doyle,3.4,1,0.3,0.1,2.3,0.1,,1,,
2016,December,1293,Marine Harvest,Duncan,3.4,0,,,,,Counts precluded by fish stress due to predator activity,1,,
2016,December,1351,Marine Harvest,Marsh Bay,3.4,0,,,,,Counts precluded by diminished stock (<4 pens),2,,
2016,December,1350,Marine Harvest,Shelter Bay,3.4,1,2.5,1.3,0.0,0.2,,2,,
2016,December,831,Marine Harvest,Shelter Pass,3.4,2,1.7,0.5,0.3,0.3,,1,,
2016,December,7714,Marine Harvest,Alexander Inlet,3.5,2,2.0,0.7,5.3,2.4,,1,,
2016,December,1702,Marine Harvest,Goat Cove,3.5,0,,,,,Fallow,,,
2016,December,1580,Marine Harvest,Jackson Pass,3.5,2,18.0,7.3,3.1,1.9,Bi-weekly counts; Management action underway,1,,
2016,December,1895,Marine Harvest,Sheep Passage,3.5,2,3.3,1.5,0.5,0.1,Harvesting; Bi-weekly counts; Management action underway,2,,
